{"cameraMode":{"drawMode":0,"name":"Shaded","section":"Shading Mode"},"sceneLighting":false,"audioPlay":false,"sceneViewState":{"showFog":true,"showMaterialUpdate":false,"showSkybox":false,"showFlares":true,"showImageEffects":true,"showParticleSystems":true},"in2DMode":false,"pivot":{"x":-0.9259204864501953,"y":-1.1014983654022217,"z":-0.8374414443969727},"rotation":{"x":0.21654070913791657,"y":-0.14817947149276734,"z":0.0330171175301075,"w":0.9645079374313355},"size":4.800017356872559,"orthographic":false}