{"cameraMode":{"drawMode":0,"name":"Shaded","section":"Shading Mode"},"sceneLighting":false,"audioPlay":false,"sceneViewState":{"showFog":true,"showMaterialUpdate":false,"showSkybox":false,"showFlares":true,"showImageEffects":true,"showParticleSystems":true},"in2DMode":false,"pivot":{"x":6.713535185554065e-7,"y":0.000004888594048679806,"z":0.0000026343313948018478},"rotation":{"x":0.21654070913791657,"y":-0.14817947149276734,"z":0.0330171175301075,"w":0.9645079374313355},"size":3.6000170707702638,"orthographic":false}