{"cameraMode":{"drawMode":0,"name":"Shaded","section":"Shading Mode"},"sceneLighting":false,"audioPlay":false,"sceneViewState":{"showFog":true,"showMaterialUpdate":false,"showSkybox":false,"showFlares":true,"showImageEffects":true,"showParticleSystems":true},"in2DMode":false,"pivot":{"x":503.60791015625,"y":392.8902587890625,"z":87.73223876953125},"rotation":{"x":-0.0006238509668037295,"y":0.9990935921669006,"z":-0.009291866794228554,"w":-0.043805722147226337},"size":349.013427734375,"orthographic":false}