{"cameraMode":{"drawMode":0,"name":"Shaded","section":"Shading Mode"},"sceneLighting":false,"audioPlay":false,"sceneViewState":{"showFog":true,"showMaterialUpdate":false,"showSkybox":false,"showFlares":true,"showImageEffects":true,"showParticleSystems":true},"in2DMode":false,"pivot":{"x":0.03325468301773071,"y":1.512922763824463,"z":0.6930668354034424},"rotation":{"x":-0.24956588447093965,"y":-0.5638089776039124,"z":0.18414393067359925,"w":-0.7656160593032837},"size":0.6497424840927124,"orthographic":false}