{"cameraMode":{"drawMode":0,"name":"Shaded","section":"Shading Mode"},"sceneLighting":false,"audioPlay":false,"sceneViewState":{"showFog":true,"showMaterialUpdate":false,"showSkybox":false,"showFlares":true,"showImageEffects":true,"showParticleSystems":true},"in2DMode":false,"pivot":{"x":-0.021683089435100557,"y":0.9522397518157959,"z":0.5785714983940125},"rotation":{"x":-0.5770052075386047,"y":-0.024426333606243135,"z":0.017452048137784005,"w":-0.8163112998008728},"size":0.9902197122573853,"orthographic":false}