{"cameraMode":{"drawMode":0,"name":"Shaded","section":"Shading Mode"},"sceneLighting":false,"audioPlay":false,"sceneViewState":{"showFog":true,"showMaterialUpdate":false,"showSkybox":false,"showFlares":true,"showImageEffects":true,"showParticleSystems":true},"in2DMode":false,"pivot":{"x":-0.2125701904296875,"y":-0.9102523326873779,"z":0.17099562287330628},"rotation":{"x":0.09010469168424607,"y":-0.7033160924911499,"z":0.09017440676689148,"w":0.6995131373405457},"size":3.642428398132324,"orthographic":false}