{"cameraMode":{"drawMode":0,"name":"Shaded","section":"Shading Mode"},"sceneLighting":false,"audioPlay":false,"sceneViewState":{"showFog":true,"showMaterialUpdate":false,"showSkybox":false,"showFlares":true,"showImageEffects":true,"showParticleSystems":true},"in2DMode":false,"pivot":{"x":0.7334587574005127,"y":1.5660505294799805,"z":0.3691844940185547},"rotation":{"x":-0.12150827795267105,"y":-0.013704882003366948,"z":0.001939107314683497,"w":-0.9926151633262634},"size":7.210519313812256,"orthographic":false}