{"cameraMode":{"drawMode":0,"name":"Shaded","section":"Shading Mode"},"sceneLighting":false,"audioPlay":false,"sceneViewState":{"showFog":true,"showMaterialUpdate":false,"showSkybox":false,"showFlares":true,"showImageEffects":true,"showParticleSystems":true},"in2DMode":false,"pivot":{"x":-0.6179232597351074,"y":0.46740931272506716,"z":0.6286906003952026},"rotation":{"x":-0.01367355976253748,"y":0.5939464569091797,"z":-0.009782517328858376,"w":-0.8044558763504028},"size":2.5432965755462648,"orthographic":false}