{"cameraMode":{"drawMode":0,"name":"Shaded","section":"Shading Mode"},"sceneLighting":false,"audioPlay":false,"sceneViewState":{"showFog":true,"showMaterialUpdate":false,"showSkybox":false,"showFlares":true,"showImageEffects":true,"showParticleSystems":true},"in2DMode":false,"pivot":{"x":4.844124794006348,"y":14.122724533081055,"z":24.469406127929689},"rotation":{"x":-0.06918708235025406,"y":0.873198390007019,"z":-0.12946529686450959,"w":-0.46495139598846438},"size":6.746908664703369,"orthographic":false}