{"cameraMode":{"drawMode":0,"name":"Shaded","section":"Shading Mode"},"sceneLighting":true,"audioPlay":false,"sceneViewState":{"showFog":true,"showMaterialUpdate":false,"showSkybox":true,"showFlares":true,"showImageEffects":true,"showParticleSystems":true},"in2DMode":false,"pivot":{"x":8.86568832397461,"y":2.613386631011963,"z":7.080572605133057},"rotation":{"x":0.1634049117565155,"y":-0.25352799892425539,"z":0.043182604014873508,"w":0.9525678157806397},"size":5.339953899383545,"orthographic":false}