{"cameraMode":{"drawMode":0,"name":"Shaded","section":"Shading Mode"},"sceneLighting":false,"audioPlay":false,"sceneViewState":{"showFog":true,"showMaterialUpdate":false,"showSkybox":false,"showFlares":true,"showImageEffects":true,"showParticleSystems":true},"in2DMode":false,"pivot":{"x":3.3227367401123049,"y":12.257210731506348,"z":1.3866252899169922},"rotation":{"x":-0.09066317975521088,"y":-0.28452688455581667,"z":0.027284234762191774,"w":-0.9541080594062805},"size":19.619516372680665,"orthographic":false}