{"cameraMode":{"drawMode":0,"name":"Shaded","section":"Shading Mode"},"sceneLighting":false,"audioPlay":false,"sceneViewState":{"showFog":true,"showMaterialUpdate":false,"showSkybox":false,"showFlares":true,"showImageEffects":true,"showParticleSystems":true},"in2DMode":false,"pivot":{"x":-0.6984968185424805,"y":-6.966565132141113,"z":-2.569014549255371},"rotation":{"x":0.16403476893901826,"y":0.29451069235801699,"z":-0.05163446441292763,"w":0.9401609301567078},"size":5.832019329071045,"orthographic":false}