{"cameraMode":{"drawMode":0,"name":"Shaded","section":"Shading Mode"},"sceneLighting":false,"audioPlay":false,"sceneViewState":{"showFog":true,"showMaterialUpdate":false,"showSkybox":false,"showFlares":true,"showImageEffects":true,"showParticleSystems":true},"in2DMode":false,"pivot":{"x":-0.13045310974121095,"y":4.126534461975098,"z":43.561153411865237},"rotation":{"x":0.04879942163825035,"y":-0.6791367530822754,"z":0.044841717928647998,"w":0.7312378883361816},"size":6.339420318603516,"orthographic":false}