{"cameraMode":{"drawMode":0,"name":"Shaded","section":"Shading Mode"},"sceneLighting":false,"audioPlay":false,"sceneViewState":{"showFog":true,"showMaterialUpdate":false,"showSkybox":false,"showFlares":true,"showImageEffects":true,"showParticleSystems":true},"in2DMode":false,"pivot":{"x":0.19794464111328126,"y":0.9789400100708008,"z":3.4049930572509767},"rotation":{"x":0.16403476893901826,"y":0.29451069235801699,"z":-0.05163446441292763,"w":0.9401609301567078},"size":13.39001750946045,"orthographic":false}