{"cameraMode":{"drawMode":0,"name":"Shaded","section":"Shading Mode"},"sceneLighting":false,"audioPlay":false,"sceneViewState":{"showFog":true,"showMaterialUpdate":false,"showSkybox":false,"showFlares":true,"showImageEffects":true,"showParticleSystems":true},"in2DMode":false,"pivot":{"x":0.37012624740600588,"y":0.5781896114349365,"z":0.23128795623779298},"rotation":{"x":-0.24956588447093965,"y":-0.5638089776039124,"z":0.18414393067359925,"w":-0.7656160593032837},"size":2.700017213821411,"orthographic":false}