{"cameraMode":{"drawMode":0,"name":"Shaded","section":"Shading Mode"},"sceneLighting":false,"audioPlay":false,"sceneViewState":{"showFog":true,"showMaterialUpdate":false,"showSkybox":false,"showFlares":true,"showImageEffects":true,"showParticleSystems":true},"in2DMode":false,"pivot":{"x":2.1783313751220705,"y":1.990533709526062,"z":1.9085938930511475},"rotation":{"x":0.04642671346664429,"y":-0.6402866840362549,"z":0.03845112398266792,"w":0.7659416794776917},"size":3.4507663249969484,"orthographic":false}