{"cameraMode":{"drawMode":0,"name":"Shaded","section":"Shading Mode"},"sceneLighting":false,"audioPlay":false,"sceneViewState":{"showFog":true,"showMaterialUpdate":false,"showSkybox":false,"showFlares":true,"showImageEffects":true,"showParticleSystems":true},"in2DMode":false,"pivot":{"x":1.9800000190734864,"y":2.8199996948242189,"z":-1.0999996662139893},"rotation":{"x":-0.19349920749664308,"y":-0.21753428876399995,"z":0.04430748522281647,"w":-0.9557802081108093},"size":3.6170313358306886,"orthographic":false}