{"cameraMode":{"drawMode":0,"name":"Shaded","section":"Shading Mode"},"sceneLighting":false,"audioPlay":false,"sceneViewState":{"showFog":true,"showMaterialUpdate":false,"showSkybox":false,"showFlares":true,"showImageEffects":true,"showParticleSystems":true},"in2DMode":false,"pivot":{"x":0.012980818748474121,"y":2.837606430053711,"z":-0.4456357955932617},"rotation":{"x":-0.04094262048602104,"y":0.7197961807250977,"z":-0.0421811006963253,"w":-0.6918672919273377},"size":4.248864650726318,"orthographic":false}