{"cameraMode":{"drawMode":0,"name":"Shaded","section":"Shading Mode"},"sceneLighting":false,"audioPlay":false,"sceneViewState":{"showFog":true,"showMaterialUpdate":false,"showSkybox":false,"showFlares":true,"showImageEffects":true,"showParticleSystems":true},"in2DMode":false,"pivot":{"x":7.713724136352539,"y":4.872829437255859,"z":-3.6060791015625},"rotation":{"x":-0.09066317975521088,"y":-0.28452688455581667,"z":0.027284234762191774,"w":-0.9541080594062805},"size":10.344478607177735,"orthographic":false}