{"cameraMode":{"drawMode":0,"name":"Shaded","section":"Shading Mode"},"sceneLighting":false,"audioPlay":false,"sceneViewState":{"showFog":true,"showMaterialUpdate":false,"showSkybox":false,"showFlares":true,"showImageEffects":true,"showParticleSystems":true},"in2DMode":false,"pivot":{"x":0.03941917419433594,"y":2.7101845741271974,"z":-1.7596606016159058},"rotation":{"x":-0.05892232805490494,"y":0.7366791367530823,"z":-0.06429435312747956,"w":-0.6707761287689209},"size":4.807394981384277,"orthographic":false}