{"cameraMode":{"drawMode":0,"name":"Shaded","section":"Shading Mode"},"sceneLighting":false,"audioPlay":false,"sceneViewState":{"showFog":true,"showMaterialUpdate":false,"showSkybox":false,"showFlares":true,"showImageEffects":true,"showParticleSystems":true},"in2DMode":false,"pivot":{"x":0.4756155014038086,"y":0.4997110366821289,"z":0.13837766647338868},"rotation":{"x":-0.13245539367198945,"y":-0.11747807264328003,"z":0.01607445627450943,"w":-0.9841934442520142},"size":1.8000173568725587,"orthographic":false}