{"cameraMode":{"drawMode":0,"name":"Shaded","section":"Shading Mode"},"sceneLighting":false,"audioPlay":false,"sceneViewState":{"showFog":true,"showMaterialUpdate":false,"showSkybox":false,"showFlares":true,"showImageEffects":true,"showParticleSystems":true},"in2DMode":false,"pivot":{"x":-0.03542327880859375,"y":1.7299792766571046,"z":0.03579080104827881},"rotation":{"x":-0.05892232805490494,"y":0.7366791367530823,"z":-0.06429435312747956,"w":-0.6707761287689209},"size":9.527971267700196,"orthographic":false}