{"cameraMode":{"drawMode":0,"name":"Shaded","section":"Shading Mode"},"sceneLighting":false,"audioPlay":false,"sceneViewState":{"showFog":true,"showMaterialUpdate":false,"showSkybox":false,"showFlares":true,"showImageEffects":true,"showParticleSystems":true},"in2DMode":false,"pivot":{"x":-0.5177874565124512,"y":-0.7347291707992554,"z":0.43838322162628176},"rotation":{"x":0.013871620409190655,"y":0.985285758972168,"z":-0.1392485350370407,"w":0.09815867245197296},"size":0.4889730215072632,"orthographic":false}