{"cameraMode":{"drawMode":0,"name":"Shaded","section":"Shading Mode"},"sceneLighting":true,"audioPlay":false,"sceneViewState":{"showFog":true,"showMaterialUpdate":false,"showSkybox":true,"showFlares":true,"showImageEffects":true,"showParticleSystems":true},"in2DMode":false,"pivot":{"x":19.24245834350586,"y":10.300474166870118,"z":22.077524185180665},"rotation":{"x":0.11086630076169968,"y":-0.7125345468521118,"z":0.11554393172264099,"w":0.6832321286201477},"size":13.235302925109864,"orthographic":false}