{"cameraMode":{"drawMode":0,"name":"Shaded","section":"Shading Mode"},"sceneLighting":false,"audioPlay":false,"sceneViewState":{"showFog":true,"showMaterialUpdate":false,"showSkybox":false,"showFlares":true,"showImageEffects":true,"showParticleSystems":true},"in2DMode":false,"pivot":{"x":-0.00022602081298828125,"y":2.9634947776794435,"z":0.3481931686401367},"rotation":{"x":-0.05337422713637352,"y":0.18965956568717957,"z":-0.009951507672667504,"w":-0.9805216193199158},"size":7.210519313812256,"orthographic":false}