{"cameraMode":{"drawMode":0,"name":"Shaded","section":"Shading Mode"},"sceneLighting":false,"audioPlay":false,"sceneViewState":{"showFog":true,"showMaterialUpdate":false,"showSkybox":false,"showFlares":true,"showImageEffects":true,"showParticleSystems":true},"in2DMode":false,"pivot":{"x":3.1378378868103029,"y":-2.502845287322998,"z":11.034224510192871},"rotation":{"x":-0.13245539367198945,"y":-0.11747807264328003,"z":0.01607445627450943,"w":-0.9841934442520142},"size":8.32581615447998,"orthographic":false}