{"cameraMode":{"drawMode":0,"name":"Shaded","section":"Shading Mode"},"sceneLighting":false,"audioPlay":false,"sceneViewState":{"showFog":true,"showMaterialUpdate":false,"showSkybox":false,"showFlares":true,"showImageEffects":true,"showParticleSystems":true},"in2DMode":false,"pivot":{"x":511.0767822265625,"y":768.3343505859375,"z":-0.7819855213165283},"rotation":{"x":-0.017450544983148576,"y":0.31803467869758608,"z":-0.005555120296776295,"w":-0.9480345249176025},"size":2.0010886192321779,"orthographic":false}