{"cameraMode":{"drawMode":0,"name":"Shaded","section":"Shading Mode"},"sceneLighting":false,"audioPlay":false,"sceneViewState":{"showFog":true,"showMaterialUpdate":false,"showSkybox":false,"showFlares":true,"showImageEffects":true,"showParticleSystems":true},"in2DMode":false,"pivot":{"x":1.7865949869155884,"y":0.7918992042541504,"z":-0.20914077758789063},"rotation":{"x":-0.13245539367198945,"y":-0.11747807264328003,"z":0.01607445627450943,"w":-0.9841934442520142},"size":4.500017166137695,"orthographic":false}