{"cameraMode":{"drawMode":0,"name":"Shaded","section":"Shading Mode"},"sceneLighting":false,"audioPlay":false,"sceneViewState":{"showFog":true,"showMaterialUpdate":false,"showSkybox":false,"showFlares":true,"showImageEffects":true,"showParticleSystems":true},"in2DMode":false,"pivot":{"x":18.718666076660158,"y":2.1942152976989748,"z":0.02980804443359375},"rotation":{"x":-0.12150827795267105,"y":-0.013704882003366948,"z":0.001939107314683497,"w":-0.9926151633262634},"size":10.145486831665039,"orthographic":false}