{"cameraMode":{"drawMode":0,"name":"Shaded","section":"Shading Mode"},"sceneLighting":false,"audioPlay":false,"sceneViewState":{"showFog":true,"showMaterialUpdate":false,"showSkybox":false,"showFlares":true,"showImageEffects":true,"showParticleSystems":true},"in2DMode":false,"pivot":{"x":7.580254554748535,"y":8.58980941772461,"z":-11.130342483520508},"rotation":{"x":-0.06891462951898575,"y":-0.22288519144058228,"z":0.016053028404712678,"w":-0.9723972678184509},"size":14.167461395263672,"orthographic":false}