{"cameraMode":{"drawMode":0,"name":"Shaded","section":"Shading Mode"},"sceneLighting":true,"audioPlay":false,"sceneViewState":{"showFog":true,"showMaterialUpdate":false,"showSkybox":false,"showFlares":true,"showImageEffects":true,"showParticleSystems":true},"in2DMode":false,"pivot":{"x":-2.6981000900268556,"y":4.491984844207764,"z":1.502763271331787},"rotation":{"x":-0.04094262048602104,"y":0.7197961807250977,"z":-0.0421811006963253,"w":-0.6918672919273377},"size":5.418269157409668,"orthographic":false}