{"cameraMode":{"drawMode":0,"name":"Shaded","section":"Shading Mode"},"sceneLighting":false,"audioPlay":false,"sceneViewState":{"showFog":true,"showMaterialUpdate":false,"showSkybox":false,"showFlares":true,"showImageEffects":true,"showParticleSystems":true},"in2DMode":false,"pivot":{"x":5.949618339538574,"y":-3.3913702964782717,"z":6.55059814453125},"rotation":{"x":0.25804978609085085,"y":-0.36194050312042239,"z":0.10500629991292954,"w":0.8896824717521668},"size":9.33417797088623,"orthographic":false}