{"cameraMode":{"drawMode":0,"name":"Shaded","section":"Shading Mode"},"sceneLighting":false,"audioPlay":false,"sceneViewState":{"showFog":true,"showMaterialUpdate":false,"showSkybox":false,"showFlares":true,"showImageEffects":true,"showParticleSystems":true},"in2DMode":false,"pivot":{"x":4.328026294708252,"y":0.34489452838897707,"z":-2.4033408164978029},"rotation":{"x":0.076572947204113,"y":0.06337331235408783,"z":-0.005104785319417715,"w":0.9951419830322266},"size":1.5263268947601319,"orthographic":false}