{"cameraMode":{"drawMode":0,"name":"Shaded","section":"Shading Mode"},"sceneLighting":false,"audioPlay":false,"sceneViewState":{"showFog":true,"showMaterialUpdate":false,"showSkybox":false,"showFlares":true,"showImageEffects":true,"showParticleSystems":true},"in2DMode":false,"pivot":{"x":0.34511733055114748,"y":1.2689151763916016,"z":0.8169088363647461},"rotation":{"x":-0.1723768413066864,"y":-0.10792577266693115,"z":0.019261136651039125,"w":-0.9790346622467041},"size":8.152155876159668,"orthographic":false}