{"cameraMode":{"drawMode":0,"name":"Shaded","section":"Shading Mode"},"sceneLighting":false,"audioPlay":false,"sceneViewState":{"showFog":true,"showMaterialUpdate":false,"showSkybox":false,"showFlares":true,"showImageEffects":true,"showParticleSystems":true},"in2DMode":false,"pivot":{"x":-0.12300613522529602,"y":-0.005653262138366699,"z":0.1699228286743164},"rotation":{"x":-0.19322767853736878,"y":0.6033856868743897,"z":-0.1534719467163086,"w":-0.7584426403045654},"size":0.2431214451789856,"orthographic":false}