{"cameraMode":{"drawMode":0,"name":"Shaded","section":"Shading Mode"},"sceneLighting":false,"audioPlay":false,"sceneViewState":{"showFog":true,"showMaterialUpdate":false,"showSkybox":false,"showFlares":true,"showImageEffects":true,"showParticleSystems":true},"in2DMode":false,"pivot":{"x":513.19091796875,"y":770.451416015625,"z":0.9305722713470459},"rotation":{"x":-0.10068169981241226,"y":0.36416861414909365,"z":-0.039381228387355807,"w":-0.9251481890678406},"size":2.0794193744659426,"orthographic":false}