{"cameraMode":{"drawMode":0,"name":"Shaded","section":"Shading Mode"},"sceneLighting":false,"audioPlay":false,"sceneViewState":{"showFog":true,"showMaterialUpdate":false,"showSkybox":false,"showFlares":true,"showImageEffects":true,"showParticleSystems":true},"in2DMode":false,"pivot":{"x":14.369999885559082,"y":16.327499389648439,"z":-26.280000686645509},"rotation":{"x":-0.009811108000576496,"y":-0.94109708070755,"z":0.33694013953208926,"w":-0.027370290830731393},"size":2.1021881103515627,"orthographic":false}