{"cameraMode":{"drawMode":0,"name":"Shaded","section":"Shading Mode"},"sceneLighting":true,"audioPlay":false,"sceneViewState":{"showFog":true,"showMaterialUpdate":false,"showSkybox":true,"showFlares":true,"showImageEffects":true,"showParticleSystems":true},"in2DMode":false,"pivot":{"x":8.803409576416016,"y":4.681877136230469,"z":4.462949752807617},"rotation":{"x":-0.0003038957074750215,"y":-0.015953315421938897,"z":0.0004016461316496134,"w":-1.000043511390686},"size":4.306748390197754,"orthographic":false}