{"cameraMode":{"drawMode":0,"name":"Shaded","section":"Shading Mode"},"sceneLighting":false,"audioPlay":false,"sceneViewState":{"showFog":true,"showMaterialUpdate":false,"showSkybox":false,"showFlares":true,"showImageEffects":true,"showParticleSystems":true},"in2DMode":false,"pivot":{"x":-0.23845720291137696,"y":4.75617790222168,"z":2.342555046081543},"rotation":{"x":-0.19349920749664308,"y":-0.21753428876399995,"z":0.04430748522281647,"w":-0.9557802081108093},"size":3.9867889881134035,"orthographic":false}