{"cameraMode":{"drawMode":0,"name":"Shaded","section":"Shading Mode"},"sceneLighting":false,"audioPlay":false,"sceneViewState":{"showFog":true,"showMaterialUpdate":false,"showSkybox":false,"showFlares":true,"showImageEffects":true,"showParticleSystems":true},"in2DMode":false,"pivot":{"x":-0.1799309253692627,"y":0.032656729221343997,"z":0.015896156430244447},"rotation":{"x":-0.19322767853736878,"y":0.6033856868743897,"z":-0.1534719467163086,"w":-0.7584426403045654},"size":0.5431214570999146,"orthographic":false}