{"cameraMode":{"drawMode":0,"name":"Shaded","section":"Shading Mode"},"sceneLighting":true,"audioPlay":false,"sceneViewState":{"showFog":true,"showMaterialUpdate":false,"showSkybox":true,"showFlares":true,"showImageEffects":true,"showParticleSystems":true},"in2DMode":false,"pivot":{"x":17.276782989501954,"y":5.175604343414307,"z":29.750673294067384},"rotation":{"x":0.09885513037443161,"y":-0.47756320238113406,"z":0.05388177931308746,"w":0.8715052008628845},"size":1.8198773860931397,"orthographic":false}