{"cameraMode":{"drawMode":0,"name":"Shaded","section":"Shading Mode"},"sceneLighting":false,"audioPlay":false,"sceneViewState":{"showFog":true,"showMaterialUpdate":false,"showSkybox":false,"showFlares":true,"showImageEffects":true,"showParticleSystems":true},"in2DMode":false,"pivot":{"x":1.217156171798706,"y":1.5455732345581055,"z":3.6945714950561525},"rotation":{"x":-0.030126992613077165,"y":0.9672667384147644,"z":-0.13607345521450044,"w":-0.21253229677677155},"size":-0.2926049828529358,"orthographic":false}