{"cameraMode":{"drawMode":0,"name":"Shaded","section":"Shading Mode"},"sceneLighting":false,"audioPlay":false,"sceneViewState":{"showFog":true,"showMaterialUpdate":false,"showSkybox":false,"showFlares":true,"showImageEffects":true,"showParticleSystems":true},"in2DMode":false,"pivot":{"x":-0.26668673753738406,"y":0.19250231981277467,"z":-0.12202578783035279},"rotation":{"x":-0.22345902025699616,"y":0.32497864961624148,"z":-0.07931920140981674,"w":-0.915518045425415},"size":0.40118682384490969,"orthographic":false}