{"cameraMode":{"drawMode":0,"name":"Shaded","section":"Shading Mode"},"sceneLighting":true,"audioPlay":false,"sceneViewState":{"showFog":true,"showMaterialUpdate":false,"showSkybox":true,"showFlares":true,"showImageEffects":true,"showParticleSystems":true},"in2DMode":false,"pivot":{"x":18.064878463745118,"y":14.802530288696289,"z":20.782562255859376},"rotation":{"x":-0.008145726285874844,"y":-0.7396170496940613,"z":0.673049807548523,"w":-0.009179010055959225},"size":4.880821228027344,"orthographic":false}