{"cameraMode":{"drawMode":0,"name":"Shaded","section":"Shading Mode"},"sceneLighting":false,"audioPlay":false,"sceneViewState":{"showFog":true,"showMaterialUpdate":false,"showSkybox":false,"showFlares":true,"showImageEffects":true,"showParticleSystems":true},"in2DMode":false,"pivot":{"x":335.42877197265627,"y":263.3524475097656,"z":26.934539794921876},"rotation":{"x":-0.001373196137137711,"y":0.9979238510131836,"z":-0.018259823322296144,"w":-0.06326962262392044},"size":315.54522705078127,"orthographic":false}