{"cameraMode":{"drawMode":0,"name":"Shaded","section":"Shading Mode"},"sceneLighting":true,"audioPlay":false,"sceneViewState":{"showFog":true,"showMaterialUpdate":false,"showSkybox":false,"showFlares":true,"showImageEffects":true,"showParticleSystems":true},"in2DMode":false,"pivot":{"x":-0.0039825439453125,"y":3.9503445625305177,"z":-3.027223587036133},"rotation":{"x":-0.04702125862240791,"y":0.7214590311050415,"z":-0.04879903420805931,"w":-0.6893098950386047},"size":10.488439559936524,"orthographic":false}