{"cameraMode":{"drawMode":0,"name":"Shaded","section":"Shading Mode"},"sceneLighting":true,"audioPlay":false,"sceneViewState":{"showFog":true,"showMaterialUpdate":false,"showSkybox":false,"showFlares":true,"showImageEffects":true,"showParticleSystems":true},"in2DMode":false,"pivot":{"x":0.6019167900085449,"y":4.242618560791016,"z":1.2055549621582032},"rotation":{"x":-0.027013147249817849,"y":0.15796640515327454,"z":-0.004025481641292572,"w":-0.9871898293495178},"size":6.365270137786865,"orthographic":false}