{"cameraMode":{"drawMode":0,"name":"Shaded","section":"Shading Mode"},"sceneLighting":false,"audioPlay":false,"sceneViewState":{"showFog":true,"showMaterialUpdate":false,"showSkybox":false,"showFlares":true,"showImageEffects":true,"showParticleSystems":true},"in2DMode":false,"pivot":{"x":-1.8196547031402588,"y":1.3768912553787232,"z":1.0452327728271485},"rotation":{"x":-0.02487226389348507,"y":-0.9749318361282349,"z":0.15369197726249696,"w":-0.15965603291988374},"size":0.04242873191833496,"orthographic":false}