{"cameraMode":{"drawMode":0,"name":"Shaded","section":"Shading Mode"},"sceneLighting":false,"audioPlay":false,"sceneViewState":{"showFog":true,"showMaterialUpdate":false,"showSkybox":false,"showFlares":true,"showImageEffects":true,"showParticleSystems":true},"in2DMode":false,"pivot":{"x":19.614566802978517,"y":3.304959774017334,"z":0.2812671661376953},"rotation":{"x":-0.12150827795267105,"y":-0.013704882003366948,"z":0.001939107314683497,"w":-0.9926151633262634},"size":10.145486831665039,"orthographic":false}