{"cameraMode":{"drawMode":0,"name":"Shaded","section":"Shading Mode"},"sceneLighting":false,"audioPlay":false,"sceneViewState":{"showFog":true,"showMaterialUpdate":false,"showSkybox":false,"showFlares":true,"showImageEffects":true,"showParticleSystems":true},"in2DMode":false,"pivot":{"x":0.050168395042419437,"y":3.910493850708008,"z":0.9709711074829102},"rotation":{"x":-0.12150827795267105,"y":-0.013704882003366948,"z":0.001939107314683497,"w":-0.9926151633262634},"size":3.900017023086548,"orthographic":false}