{"cameraMode":{"drawMode":0,"name":"Shaded","section":"Shading Mode"},"sceneLighting":false,"audioPlay":false,"sceneViewState":{"showFog":true,"showMaterialUpdate":false,"showSkybox":false,"showFlares":true,"showImageEffects":true,"showParticleSystems":true},"in2DMode":false,"pivot":{"x":2.0180721282958986,"y":2.9423699378967287,"z":5.130828857421875},"rotation":{"x":-0.0009253795142285526,"y":0.9990605115890503,"z":-0.04229139909148216,"w":-0.01679670624434948},"size":1.1943469047546387,"orthographic":false}