{"cameraMode":{"drawMode":0,"name":"Shaded","section":"Shading Mode"},"sceneLighting":false,"audioPlay":false,"sceneViewState":{"showFog":true,"showMaterialUpdate":false,"showSkybox":false,"showFlares":true,"showImageEffects":true,"showParticleSystems":true},"in2DMode":false,"pivot":{"x":0.47865036129951479,"y":-0.24563470482826234,"z":-0.18519163131713868},"rotation":{"x":-0.13245539367198945,"y":-0.11747807264328003,"z":0.01607445627450943,"w":-0.9841934442520142},"size":1.8000173568725587,"orthographic":false}