{"cameraMode":{"drawMode":0,"name":"Shaded","section":"Shading Mode"},"sceneLighting":false,"audioPlay":false,"sceneViewState":{"showFog":true,"showMaterialUpdate":false,"showSkybox":false,"showFlares":true,"showImageEffects":true,"showParticleSystems":true},"in2DMode":false,"pivot":{"x":-14.797245025634766,"y":5.440624237060547,"z":-5.863974571228027},"rotation":{"x":0.25804978609085085,"y":-0.36194050312042239,"z":0.10500629991292954,"w":0.8896824717521668},"size":8.160372734069825,"orthographic":false}