{"cameraMode":{"drawMode":0,"name":"Shaded","section":"Shading Mode"},"sceneLighting":true,"audioPlay":false,"sceneViewState":{"showFog":true,"showMaterialUpdate":false,"showSkybox":true,"showFlares":true,"showImageEffects":true,"showParticleSystems":true},"in2DMode":false,"pivot":{"x":25.318294525146486,"y":9.624568939208985,"z":17.862781524658204},"rotation":{"x":-0.15032649040222169,"y":0.6692676544189453,"z":-0.1406252533197403,"w":-0.7140763998031616},"size":15.394346237182618,"orthographic":false}