{"cameraMode":{"drawMode":0,"name":"Shaded","section":"Shading Mode"},"sceneLighting":false,"audioPlay":false,"sceneViewState":{"showFog":true,"showMaterialUpdate":false,"showSkybox":false,"showFlares":true,"showImageEffects":true,"showParticleSystems":true},"in2DMode":false,"pivot":{"x":14.120269775390625,"y":4.141112804412842,"z":8.005782127380371},"rotation":{"x":-0.10739795118570328,"y":0.6224743723869324,"z":-0.08647280186414719,"w":-0.7705302238464356},"size":1.5776445865631104,"orthographic":false}