{"cameraMode":{"drawMode":0,"name":"Shaded","section":"Shading Mode"},"sceneLighting":false,"audioPlay":false,"sceneViewState":{"showFog":true,"showMaterialUpdate":false,"showSkybox":false,"showFlares":true,"showImageEffects":true,"showParticleSystems":true},"in2DMode":false,"pivot":{"x":22.62586212158203,"y":23.637264251708986,"z":10.634269714355469},"rotation":{"x":-0.12845976650714875,"y":-0.2661013603210449,"z":0.0360683836042881,"w":-0.9547927975654602},"size":65.1606216430664,"orthographic":false}