{"cameraMode":{"drawMode":0,"name":"Shaded","section":"Shading Mode"},"sceneLighting":false,"audioPlay":false,"sceneViewState":{"showFog":true,"showMaterialUpdate":false,"showSkybox":false,"showFlares":true,"showImageEffects":true,"showParticleSystems":true},"in2DMode":false,"pivot":{"x":-2.07395339012146,"y":3.6370537281036379,"z":44.06584167480469},"rotation":{"x":0.02698989398777485,"y":-0.9681717753410339,"z":0.11696690320968628,"w":0.22037124633789063},"size":3.560580253601074,"orthographic":false}