{"cameraMode":{"drawMode":0,"name":"Shaded","section":"Shading Mode"},"sceneLighting":false,"audioPlay":false,"sceneViewState":{"showFog":true,"showMaterialUpdate":false,"showSkybox":false,"showFlares":true,"showImageEffects":true,"showParticleSystems":true},"in2DMode":false,"pivot":{"x":2.199612617492676,"y":3.3182969093322756,"z":7.7940239906311039},"rotation":{"x":-0.00004218365211272612,"y":0.9999076724052429,"z":0.01619274914264679,"w":-0.01082235760986805},"size":1.2908782958984376,"orthographic":false}