{"cameraMode":{"drawMode":0,"name":"Shaded","section":"Shading Mode"},"sceneLighting":false,"audioPlay":false,"sceneViewState":{"showFog":true,"showMaterialUpdate":false,"showSkybox":false,"showFlares":true,"showImageEffects":true,"showParticleSystems":true},"in2DMode":false,"pivot":{"x":1.9257440567016602,"y":5.430126190185547,"z":2.153818130493164},"rotation":{"x":-0.19259044528007508,"y":-0.016473710536956788,"z":0.0034978233743458988,"w":-0.9812576770782471},"size":18.446340560913087,"orthographic":false}