{"cameraMode":{"drawMode":0,"name":"Shaded","section":"Shading Mode"},"sceneLighting":true,"audioPlay":false,"sceneViewState":{"showFog":true,"showMaterialUpdate":false,"showSkybox":false,"showFlares":true,"showImageEffects":true,"showParticleSystems":true},"in2DMode":false,"pivot":{"x":-1.5070381164550782,"y":7.882404327392578,"z":7.269741058349609},"rotation":{"x":-0.04094262048602104,"y":0.7197961807250977,"z":-0.0421811006963253,"w":-0.6918672919273377},"size":31.551393508911134,"orthographic":false}