{"cameraMode":{"drawMode":0,"name":"Shaded","section":"Shading Mode"},"sceneLighting":false,"audioPlay":false,"sceneViewState":{"showFog":true,"showMaterialUpdate":false,"showSkybox":false,"showFlares":true,"showImageEffects":true,"showParticleSystems":true},"in2DMode":false,"pivot":{"x":0.0020499229431152345,"y":1.8105449676513672,"z":-0.6532459259033203},"rotation":{"x":-0.11853086203336716,"y":0.017569711431860925,"z":-0.0018360301619395614,"w":-0.9929143786430359},"size":2.9496984481811525,"orthographic":false}