{"cameraMode":{"drawMode":0,"name":"Shaded","section":"Shading Mode"},"sceneLighting":false,"audioPlay":false,"sceneViewState":{"showFog":true,"showMaterialUpdate":false,"showSkybox":false,"showFlares":true,"showImageEffects":true,"showParticleSystems":true},"in2DMode":false,"pivot":{"x":1.050254464149475,"y":0.07849127054214478,"z":-0.04256725311279297},"rotation":{"x":-0.054267387837171558,"y":-0.024288423359394075,"z":0.0015771477483212948,"w":-0.9983506202697754},"size":3.365063428878784,"orthographic":false}