{"cameraMode":{"drawMode":0,"name":"Shaded","section":"Shading Mode"},"sceneLighting":false,"audioPlay":false,"sceneViewState":{"showFog":true,"showMaterialUpdate":false,"showSkybox":false,"showFlares":true,"showImageEffects":true,"showParticleSystems":true},"in2DMode":false,"pivot":{"x":-1.4588050842285157,"y":-7.078651428222656,"z":-2.0900821685791017},"rotation":{"x":0.16403476893901826,"y":0.29451069235801699,"z":-0.05163446441292763,"w":0.9401609301567078},"size":8.233070373535157,"orthographic":false}