{"cameraMode":{"drawMode":0,"name":"Shaded","section":"Shading Mode"},"sceneLighting":false,"audioPlay":false,"sceneViewState":{"showFog":true,"showMaterialUpdate":false,"showSkybox":false,"showFlares":true,"showImageEffects":true,"showParticleSystems":true},"in2DMode":false,"pivot":{"x":2.54353666305542,"y":10.662834167480469,"z":4.270679473876953},"rotation":{"x":-0.19259044528007508,"y":-0.016473710536956788,"z":0.0034978233743458988,"w":-0.9812576770782471},"size":18.446340560913087,"orthographic":false}