{"cameraMode":{"drawMode":0,"name":"Shaded","section":"Shading Mode"},"sceneLighting":false,"audioPlay":false,"sceneViewState":{"showFog":true,"showMaterialUpdate":false,"showSkybox":false,"showFlares":true,"showImageEffects":true,"showParticleSystems":true},"in2DMode":false,"pivot":{"x":-0.031771183013916019,"y":1.661202311515808,"z":0.34456369280815127},"rotation":{"x":-0.030800510197877885,"y":0.7151353359222412,"z":-0.03114427626132965,"w":-0.697786271572113},"size":2.4744791984558107,"orthographic":false}