{"cameraMode":{"drawMode":0,"name":"Shaded","section":"Shading Mode"},"sceneLighting":true,"audioPlay":false,"sceneViewState":{"showFog":true,"showMaterialUpdate":false,"showSkybox":true,"showFlares":true,"showImageEffects":true,"showParticleSystems":true},"in2DMode":false,"pivot":{"x":35.2807502746582,"y":7.59545373916626,"z":17.56435203552246},"rotation":{"x":-0.01970883645117283,"y":0.6977204084396362,"z":-0.01890411414206028,"w":-0.71598219871521},"size":9.43500804901123,"orthographic":false}