{"cameraMode":{"drawMode":0,"name":"Shaded","section":"Shading Mode"},"sceneLighting":false,"audioPlay":false,"sceneViewState":{"showFog":true,"showMaterialUpdate":false,"showSkybox":false,"showFlares":true,"showImageEffects":true,"showParticleSystems":true},"in2DMode":false,"pivot":{"x":0.20613791048526765,"y":2.176797866821289,"z":4.32368278503418},"rotation":{"x":-0.0025111061986535789,"y":0.9861235618591309,"z":-0.16603471338748933,"w":-0.013591299764811993},"size":0.3073950409889221,"orthographic":false}