{"cameraMode":{"drawMode":0,"name":"Shaded","section":"Shading Mode"},"sceneLighting":false,"audioPlay":false,"sceneViewState":{"showFog":true,"showMaterialUpdate":false,"showSkybox":false,"showFlares":true,"showImageEffects":true,"showParticleSystems":true},"in2DMode":false,"pivot":{"x":-0.0004949569702148438,"y":0.22067797183990479,"z":-0.9935859441757202},"rotation":{"x":-0.24956588447093965,"y":-0.5638089776039124,"z":0.18414393067359925,"w":-0.7656160593032837},"size":1.4875967502593995,"orthographic":false}