{"cameraMode":{"drawMode":0,"name":"Shaded","section":"Shading Mode"},"sceneLighting":true,"audioPlay":false,"sceneViewState":{"showFog":true,"showMaterialUpdate":false,"showSkybox":true,"showFlares":true,"showImageEffects":true,"showParticleSystems":true},"in2DMode":false,"pivot":{"x":31.317546844482423,"y":10.64091682434082,"z":24.48452377319336},"rotation":{"x":-0.18230727314949037,"y":0.4036056697368622,"z":-0.08217879384756088,"w":-0.8929243683815002},"size":-1.931394100189209,"orthographic":false}