{"cameraMode":{"drawMode":0,"name":"Shaded","section":"Shading Mode"},"sceneLighting":false,"audioPlay":false,"sceneViewState":{"showFog":true,"showMaterialUpdate":false,"showSkybox":false,"showFlares":true,"showImageEffects":true,"showParticleSystems":true},"in2DMode":false,"pivot":{"x":-0.6621408462524414,"y":5.693391799926758,"z":0.08209776878356934},"rotation":{"x":-0.05892232805490494,"y":0.7366791367530823,"z":-0.06429435312747956,"w":-0.6707761287689209},"size":6.0073957443237309,"orthographic":false}