{"cameraMode":{"drawMode":0,"name":"Shaded","section":"Shading Mode"},"sceneLighting":false,"audioPlay":false,"sceneViewState":{"showFog":true,"showMaterialUpdate":false,"showSkybox":false,"showFlares":true,"showImageEffects":true,"showParticleSystems":true},"in2DMode":false,"pivot":{"x":2.0113768577575685,"y":1.2898402214050294,"z":-1.596795916557312},"rotation":{"x":-0.17876039445400239,"y":0.646834135055542,"z":-0.15936653316020966,"w":-0.7241939902305603},"size":4.652048110961914,"orthographic":false}