{"cameraMode":{"drawMode":0,"name":"Shaded","section":"Shading Mode"},"sceneLighting":false,"audioPlay":false,"sceneViewState":{"showFog":true,"showMaterialUpdate":false,"showSkybox":false,"showFlares":true,"showImageEffects":true,"showParticleSystems":true},"in2DMode":false,"pivot":{"x":8.681561470031739,"y":3.7389543056488039,"z":7.581194877624512},"rotation":{"x":0.054691072553396228,"y":0.943198025226593,"z":-0.19692347943782807,"w":0.2622441351413727},"size":1.6304047107696534,"orthographic":false}