{"cameraMode":{"drawMode":0,"name":"Shaded","section":"Shading Mode"},"sceneLighting":false,"audioPlay":false,"sceneViewState":{"showFog":true,"showMaterialUpdate":false,"showSkybox":false,"showFlares":true,"showImageEffects":true,"showParticleSystems":true},"in2DMode":false,"pivot":{"x":1.44100821018219,"y":8.78725814819336,"z":2.145303726196289},"rotation":{"x":-0.12150827795267105,"y":-0.013704882003366948,"z":0.001939107314683497,"w":-0.9926151633262634},"size":12.297560691833496,"orthographic":false}