{"cameraMode":{"drawMode":0,"name":"Shaded","section":"Shading Mode"},"sceneLighting":false,"audioPlay":false,"sceneViewState":{"showFog":true,"showMaterialUpdate":false,"showSkybox":false,"showFlares":true,"showImageEffects":true,"showParticleSystems":true},"in2DMode":false,"pivot":{"x":0.017105676233768464,"y":0.5084392428398132,"z":0.1238260269165039},"rotation":{"x":-0.11853086203336716,"y":0.017569711431860925,"z":-0.0018360301619395614,"w":-0.9929143786430359},"size":3.8761723041534426,"orthographic":false}