{"cameraMode":{"drawMode":0,"name":"Shaded","section":"Shading Mode"},"sceneLighting":false,"audioPlay":false,"sceneViewState":{"showFog":true,"showMaterialUpdate":false,"showSkybox":false,"showFlares":true,"showImageEffects":true,"showParticleSystems":true},"in2DMode":false,"pivot":{"x":-1.5808149576187134,"y":3.6358041763305666,"z":0.1901712417602539},"rotation":{"x":-0.00031899797613732517,"y":0.999875545501709,"z":0.004185160622000694,"w":0.020680569112300874},"size":4.207394599914551,"orthographic":false}