{"cameraMode":{"drawMode":0,"name":"Shaded","section":"Shading Mode"},"sceneLighting":false,"audioPlay":false,"sceneViewState":{"showFog":true,"showMaterialUpdate":false,"showSkybox":false,"showFlares":true,"showImageEffects":true,"showParticleSystems":true},"in2DMode":false,"pivot":{"x":-0.2163858413696289,"y":2.32796311378479,"z":0.8348709344863892},"rotation":{"x":-0.05892232805490494,"y":0.7366791367530823,"z":-0.06429435312747956,"w":-0.6707761287689209},"size":8.572244644165039,"orthographic":false}