{"cameraMode":{"drawMode":0,"name":"Shaded","section":"Shading Mode"},"sceneLighting":false,"audioPlay":false,"sceneViewState":{"showFog":true,"showMaterialUpdate":false,"showSkybox":false,"showFlares":true,"showImageEffects":true,"showParticleSystems":true},"in2DMode":false,"pivot":{"x":20.682621002197267,"y":3.848782539367676,"z":8.393693923950196},"rotation":{"x":-0.09155286103487015,"y":0.907025158405304,"z":-0.26007670164108279,"w":-0.31856799125671389},"size":0.9832746386528015,"orthographic":false}