{"cameraMode":{"drawMode":0,"name":"Shaded","section":"Shading Mode"},"sceneLighting":false,"audioPlay":false,"sceneViewState":{"showFog":true,"showMaterialUpdate":false,"showSkybox":false,"showFlares":true,"showImageEffects":true,"showParticleSystems":true},"in2DMode":false,"pivot":{"x":-0.05489373207092285,"y":0.42278027534484866,"z":0.1325693130493164},"rotation":{"x":-0.13245539367198945,"y":-0.11747807264328003,"z":0.01607445627450943,"w":-0.9841934442520142},"size":2.400017261505127,"orthographic":false}