{"cameraMode":{"drawMode":0,"name":"Shaded","section":"Shading Mode"},"sceneLighting":true,"audioPlay":false,"sceneViewState":{"showFog":true,"showMaterialUpdate":false,"showSkybox":false,"showFlares":true,"showImageEffects":true,"showParticleSystems":true},"in2DMode":false,"pivot":{"x":1.1373090744018555,"y":4.480878829956055,"z":-0.5031871795654297},"rotation":{"x":-0.001857794588431716,"y":0.998215913772583,"z":-0.028750896453857423,"w":-0.05458168312907219},"size":6.018271446228027,"orthographic":false}