{"cameraMode":{"drawMode":0,"name":"Shaded","section":"Shading Mode"},"sceneLighting":true,"audioPlay":false,"sceneViewState":{"showFog":true,"showMaterialUpdate":false,"showSkybox":true,"showFlares":true,"showImageEffects":true,"showParticleSystems":true},"in2DMode":false,"pivot":{"x":26.002504348754884,"y":8.69688892364502,"z":46.43109893798828},"rotation":{"x":0.06051648035645485,"y":-0.20660382509231568,"z":0.012440565973520279,"w":0.9766397476196289},"size":34.45454406738281,"orthographic":false}