{"cameraMode":{"drawMode":0,"name":"Shaded","section":"Shading Mode"},"sceneLighting":false,"audioPlay":false,"sceneViewState":{"showFog":true,"showMaterialUpdate":false,"showSkybox":false,"showFlares":true,"showImageEffects":true,"showParticleSystems":true},"in2DMode":false,"pivot":{"x":597.5687255859375,"y":327.6081848144531,"z":-1.100555419921875},"rotation":{"x":-0.0018229486886411906,"y":0.02306341752409935,"z":0.0005061739357188344,"w":-0.9999155402183533},"size":41.024803161621097,"orthographic":false}