{"cameraMode":{"drawMode":0,"name":"Shaded","section":"Shading Mode"},"sceneLighting":false,"audioPlay":false,"sceneViewState":{"showFog":true,"showMaterialUpdate":false,"showSkybox":false,"showFlares":true,"showImageEffects":true,"showParticleSystems":true},"in2DMode":false,"pivot":{"x":-0.7010936737060547,"y":8.616020202636719,"z":-0.4111478328704834},"rotation":{"x":-0.04094262048602104,"y":0.7197961807250977,"z":-0.0421811006963253,"w":-0.6918672919273377},"size":9.05885124206543,"orthographic":false}