{"cameraMode":{"drawMode":0,"name":"Shaded","section":"Shading Mode"},"sceneLighting":true,"audioPlay":false,"sceneViewState":{"showFog":true,"showMaterialUpdate":false,"showSkybox":true,"showFlares":true,"showImageEffects":true,"showParticleSystems":true},"in2DMode":false,"pivot":{"x":-4.235723972320557,"y":32.463050842285159,"z":-43.671669006347659},"rotation":{"x":-0.07610389590263367,"y":-0.12531475722789765,"z":0.009871278889477253,"w":-0.9892382621765137},"size":-5.641080379486084,"orthographic":false}