{"cameraMode":{"drawMode":0,"name":"Shaded","section":"Shading Mode"},"sceneLighting":false,"audioPlay":false,"sceneViewState":{"showFog":true,"showMaterialUpdate":false,"showSkybox":false,"showFlares":true,"showImageEffects":true,"showParticleSystems":true},"in2DMode":false,"pivot":{"x":-0.18618011474609376,"y":2.197772741317749,"z":-0.28227657079696658},"rotation":{"x":-0.030800510197877885,"y":0.7151353359222412,"z":-0.03114427626132965,"w":-0.697786271572113},"size":4.3041462898254398,"orthographic":false}