{"cameraMode":{"drawMode":0,"name":"Shaded","section":"Shading Mode"},"sceneLighting":true,"audioPlay":false,"sceneViewState":{"showFog":true,"showMaterialUpdate":false,"showSkybox":true,"showFlares":true,"showImageEffects":true,"showParticleSystems":true},"in2DMode":false,"pivot":{"x":11.270886421203614,"y":2.217155933380127,"z":2.7895069122314455},"rotation":{"x":0.0041324966587126259,"y":0.9886322021484375,"z":-0.14821557700634004,"w":0.02787027135491371},"size":10.302193641662598,"orthographic":false}