{"cameraMode":{"drawMode":0,"name":"Shaded","section":"Shading Mode"},"sceneLighting":false,"audioPlay":false,"sceneViewState":{"showFog":true,"showMaterialUpdate":false,"showSkybox":false,"showFlares":true,"showImageEffects":true,"showParticleSystems":true},"in2DMode":false,"pivot":{"x":-0.7642796039581299,"y":-0.09055996686220169,"z":-0.04257059097290039},"rotation":{"x":0.06213303655385971,"y":0.8101744055747986,"z":-0.08734776824712753,"w":0.5763102173805237},"size":0.4889730215072632,"orthographic":false}