{"cameraMode":{"drawMode":0,"name":"Shaded","section":"Shading Mode"},"sceneLighting":true,"audioPlay":false,"sceneViewState":{"showFog":true,"showMaterialUpdate":false,"showSkybox":true,"showFlares":true,"showImageEffects":true,"showParticleSystems":true},"in2DMode":false,"pivot":{"x":134.31381225585938,"y":716.1326904296875,"z":0.655303955078125},"rotation":{"x":-0.051233451813459399,"y":-0.04375708848237991,"z":0.002490328624844551,"w":-0.997843325138092},"size":51.25014877319336,"orthographic":false}