{"cameraMode":{"drawMode":0,"name":"Shaded","section":"Shading Mode"},"sceneLighting":false,"audioPlay":false,"sceneViewState":{"showFog":true,"showMaterialUpdate":false,"showSkybox":false,"showFlares":true,"showImageEffects":true,"showParticleSystems":true},"in2DMode":false,"pivot":{"x":3.2288994789123537,"y":1.2874791622161866,"z":-1.3732986450195313},"rotation":{"x":0.16403476893901826,"y":0.29451069235801699,"z":-0.05163446441292763,"w":0.9401609301567078},"size":10.934094429016114,"orthographic":false}