{"cameraMode":{"drawMode":0,"name":"Shaded","section":"Shading Mode"},"sceneLighting":false,"audioPlay":false,"sceneViewState":{"showFog":true,"showMaterialUpdate":false,"showSkybox":false,"showFlares":true,"showImageEffects":true,"showParticleSystems":true},"in2DMode":false,"pivot":{"x":1.4238122701644898,"y":-0.30872660875320437,"z":-0.5295805931091309},"rotation":{"x":-0.0004869239928666502,"y":0.9903469085693359,"z":-0.13936910033226014,"w":-0.0017674207920208574},"size":1.5263268947601319,"orthographic":false}