{"cameraMode":{"drawMode":0,"name":"Shaded","section":"Shading Mode"},"sceneLighting":true,"audioPlay":false,"sceneViewState":{"showFog":true,"showMaterialUpdate":false,"showSkybox":true,"showFlares":true,"showImageEffects":true,"showParticleSystems":true},"in2DMode":false,"pivot":{"x":19.645458221435548,"y":7.181156635284424,"z":-0.4765777587890625},"rotation":{"x":-0.0019580216612666847,"y":0.9920302033424377,"z":-0.013672488741576672,"w":-0.12598250806331635},"size":28.08306312561035,"orthographic":false}