{"cameraMode":{"drawMode":0,"name":"Shaded","section":"Shading Mode"},"sceneLighting":false,"audioPlay":false,"sceneViewState":{"showFog":true,"showMaterialUpdate":false,"showSkybox":false,"showFlares":true,"showImageEffects":true,"showParticleSystems":true},"in2DMode":false,"pivot":{"x":1.2401933670043946,"y":2.7327451705932619,"z":4.416468620300293},"rotation":{"x":-0.0409930981695652,"y":0.7000519633293152,"z":-0.04001287743449211,"w":-0.7119265198707581},"size":4.1943464279174809,"orthographic":false}