{"cameraMode":{"drawMode":0,"name":"Shaded","section":"Shading Mode"},"sceneLighting":false,"audioPlay":false,"sceneViewState":{"showFog":true,"showMaterialUpdate":false,"showSkybox":false,"showFlares":true,"showImageEffects":true,"showParticleSystems":true},"in2DMode":false,"pivot":{"x":1.3006396293640137,"y":0.7097185850143433,"z":3.3596367835998537},"rotation":{"x":-0.07778985798358917,"y":-0.6151199340820313,"z":0.061491817235946658,"w":-0.7823277115821838},"size":4.077948570251465,"orthographic":false}