{"cameraMode":{"drawMode":0,"name":"Shaded","section":"Shading Mode"},"sceneLighting":false,"audioPlay":false,"sceneViewState":{"showFog":true,"showMaterialUpdate":false,"showSkybox":false,"showFlares":true,"showImageEffects":true,"showParticleSystems":true},"in2DMode":false,"pivot":{"x":1.0357614755630494,"y":5.800784587860107,"z":45.16041564941406},"rotation":{"x":0.0017175052780658007,"y":-0.9979327917098999,"z":0.021245939657092096,"w":0.06329144537448883},"size":1.5892691612243653,"orthographic":false}