{"cameraMode":{"drawMode":0,"name":"Shaded","section":"Shading Mode"},"sceneLighting":false,"audioPlay":false,"sceneViewState":{"showFog":true,"showMaterialUpdate":false,"showSkybox":false,"showFlares":true,"showImageEffects":true,"showParticleSystems":true},"in2DMode":false,"pivot":{"x":-0.39797449111938479,"y":3.6234514713287355,"z":0.26590681076049807},"rotation":{"x":-0.05337422713637352,"y":0.18965956568717957,"z":-0.009951507672667504,"w":-0.9805216193199158},"size":5.100017547607422,"orthographic":false}