{"cameraMode":{"drawMode":0,"name":"Shaded","section":"Shading Mode"},"sceneLighting":false,"audioPlay":false,"sceneViewState":{"showFog":true,"showMaterialUpdate":false,"showSkybox":false,"showFlares":true,"showImageEffects":true,"showParticleSystems":true},"in2DMode":false,"pivot":{"x":15.112895011901856,"y":5.840521812438965,"z":-11.240331649780274},"rotation":{"x":-0.19349920749664308,"y":-0.21753428876399995,"z":0.04430748522281647,"w":-0.9557802081108093},"size":18.446340560913087,"orthographic":false}