{"cameraMode":{"drawMode":0,"name":"Shaded","section":"Shading Mode"},"sceneLighting":false,"audioPlay":false,"sceneViewState":{"showFog":true,"showMaterialUpdate":false,"showSkybox":false,"showFlares":true,"showImageEffects":true,"showParticleSystems":true},"in2DMode":false,"pivot":{"x":3.3309154510498049,"y":8.935224533081055,"z":12.303741455078125},"rotation":{"x":-0.06891462951898575,"y":-0.22288519144058228,"z":0.016053028404712678,"w":-0.9723972678184509},"size":18.028839111328126,"orthographic":false}