{"cameraMode":{"drawMode":0,"name":"Shaded","section":"Shading Mode"},"sceneLighting":false,"audioPlay":false,"sceneViewState":{"showFog":true,"showMaterialUpdate":false,"showSkybox":false,"showFlares":true,"showImageEffects":true,"showParticleSystems":true},"in2DMode":false,"pivot":{"x":6.287547588348389,"y":2.4748706817626955,"z":-2.7883787155151369},"rotation":{"x":0.16403476893901826,"y":0.29451069235801699,"z":-0.05163446441292763,"w":0.9401609301567078},"size":6.09893274307251,"orthographic":false}