{"cameraMode":{"drawMode":0,"name":"Shaded","section":"Shading Mode"},"sceneLighting":false,"audioPlay":false,"sceneViewState":{"showFog":true,"showMaterialUpdate":false,"showSkybox":false,"showFlares":true,"showImageEffects":true,"showParticleSystems":true},"in2DMode":false,"pivot":{"x":6.375,"y":0.16499996185302735,"z":2.679999828338623},"rotation":{"x":-0.06918708235025406,"y":0.873198390007019,"z":-0.12946529686450959,"w":-0.46495139598846438},"size":11.154221534729004,"orthographic":false}