{"cameraMode":{"drawMode":0,"name":"Shaded","section":"Shading Mode"},"sceneLighting":false,"audioPlay":false,"sceneViewState":{"showFog":true,"showMaterialUpdate":false,"showSkybox":false,"showFlares":true,"showImageEffects":true,"showParticleSystems":true},"in2DMode":false,"pivot":{"x":8.255369186401368,"y":4.342120170593262,"z":7.480013847351074},"rotation":{"x":0.003118072869256139,"y":0.8662885427474976,"z":-0.005486667156219482,"w":0.4996645748615265},"size":0.9962241053581238,"orthographic":false}