{"cameraMode":{"drawMode":0,"name":"Shaded","section":"Shading Mode"},"sceneLighting":true,"audioPlay":false,"sceneViewState":{"showFog":true,"showMaterialUpdate":false,"showSkybox":true,"showFlares":true,"showImageEffects":true,"showParticleSystems":true},"in2DMode":false,"pivot":{"x":16.031021118164064,"y":8.696746826171875,"z":12.175854682922364},"rotation":{"x":-0.009746898896992207,"y":0.45645639300346377,"z":-0.0046850270591676239,"w":-0.889803946018219},"size":10.323673248291016,"orthographic":false}