{"cameraMode":{"drawMode":0,"name":"Shaded","section":"Shading Mode"},"sceneLighting":true,"audioPlay":false,"sceneViewState":{"showFog":true,"showMaterialUpdate":false,"showSkybox":false,"showFlares":true,"showImageEffects":true,"showParticleSystems":true},"in2DMode":false,"pivot":{"x":-1.501800537109375,"y":11.077413558959961,"z":5.321388244628906},"rotation":{"x":-0.04094262048602104,"y":0.7197961807250977,"z":-0.0421811006963253,"w":-0.6918672919273377},"size":33.21952819824219,"orthographic":false}