{"cameraMode":{"drawMode":0,"name":"Shaded","section":"Shading Mode"},"sceneLighting":false,"audioPlay":false,"sceneViewState":{"showFog":true,"showMaterialUpdate":false,"showSkybox":false,"showFlares":true,"showImageEffects":true,"showParticleSystems":true},"in2DMode":false,"pivot":{"x":-3.0077812671661379,"y":3.3058176040649416,"z":2.208066940307617},"rotation":{"x":-0.05054532736539841,"y":0.9280166625976563,"z":-0.13623212277889253,"w":-0.3432842195034027},"size":2.750034809112549,"orthographic":false}