{"cameraMode":{"drawMode":0,"name":"Shaded","section":"Shading Mode"},"sceneLighting":false,"audioPlay":false,"sceneViewState":{"showFog":true,"showMaterialUpdate":false,"showSkybox":false,"showFlares":true,"showImageEffects":true,"showParticleSystems":true},"in2DMode":false,"pivot":{"x":3.6729202270507814,"y":19.749237060546876,"z":9.626060485839844},"rotation":{"x":-0.09066317975521088,"y":-0.28452688455581667,"z":0.027284234762191774,"w":-0.9541080594062805},"size":46.1302490234375,"orthographic":false}